2025-10-21_19-56-01,None,draft.py:2025-10-21_19-56-01
2025-10-24_00-35-19,None,draft.py:2025-10-21_19-56-01
2025-10-25_19-28-25,None,draft.py:2025-10-21_19-56-01
2025-10-25_20-10-29,None,draft.py:2025-10-25_20-10-29
2025-10-25_20-10-44,None,draft.py:2025-10-25_20-10-44
2025-10-25_20-18-20,None,draft.py:2025-10-25_20-18-20
2025-10-25_20-18-28,None,draft.py:2025-10-25_20-18-28
2025-10-25_20-18-42,None,draft.py:2025-10-25_20-18-42
2025-10-25_20-20-24,None,draft.py:2025-10-25_20-20-24
2025-10-25_20-21-05,None,draft.py:2025-10-25_20-21-05
2025-10-25_20-21-17,None,draft.py:2025-10-25_20-21-17
2025-10-25_20-26-51,None,draft.py:2025-10-25_20-26-51
2025-10-25_20-29-25,None,draft.py:2025-10-25_20-29-25
2025-10-25_20-29-48,None,draft.py:2025-10-25_20-29-48
2025-10-25_20-31-15,None,draft.py:2025-10-25_20-31-15
2025-10-25_21-44-25,None,draft.py:2025-10-25_20-31-15
2025-10-25_21-44-40,None,draft.py:2025-10-25_21-44-40
2025-10-25_21-44-52,None,draft.py:2025-10-25_21-44-52
2025-10-25_21-48-20,None,draft.py:2025-10-25_21-48-20
2025-10-25_21-48-44,None,draft.py:2025-10-25_21-48-44
2025-10-25_22-19-43,None,draft.py:2025-10-25_22-19-43
2025-10-25_22-21-18,None,draft.py:2025-10-25_22-21-18
2025-10-25_22-24-00,None,draft.py:2025-10-25_22-24-00
2025-10-25_22-32-16,None,draft.py:2025-10-25_22-32-16
2025-10-25_22-32-30,None,draft.py:2025-10-25_22-32-30
2025-10-25_22-33-12,None,draft.py:2025-10-25_22-33-12
2025-10-25_22-36-41,None,draft.py:2025-10-25_22-36-41
2025-10-25_22-38-33,None,draft.py:2025-10-25_22-38-33
2025-10-25_22-38-54,None,draft.py:2025-10-25_22-38-54
2025-10-25_22-42-27,None,draft.py:2025-10-25_22-42-27
2025-10-25_22-46-45,None,draft.py:2025-10-25_22-46-45
2025-10-25_22-47-13,None,draft.py:2025-10-25_22-47-13
2025-10-25_22-48-10,None,draft.py:2025-10-25_22-48-10
2025-10-25_22-48-23,None,draft.py:2025-10-25_22-48-23
2025-10-25_22-49-08,None,draft.py:2025-10-25_22-49-08
2025-10-25_22-49-26,None,draft.py:2025-10-25_22-49-26
2025-10-25_22-49-39,None,draft.py:2025-10-25_22-49-39
2025-10-25_22-50-03,None,draft.py:2025-10-25_22-50-03
2025-10-25_22-50-20,None,draft.py:2025-10-25_22-50-20
2025-10-25_22-54-35,None,draft.py:2025-10-25_22-54-35
2025-10-25_23-25-19,None,draft.py:2025-10-25_23-25-19
2025-10-25_23-26-10,None,draft.py:2025-10-25_23-26-10
2025-10-25_23-27-10,None,draft.py:2025-10-25_23-27-10
2025-10-25_23-27-33,None,draft.py:2025-10-25_23-27-33
2025-10-25_23-27-55,None,draft.py:2025-10-25_23-27-55
2025-10-25_23-28-08,None,draft.py:2025-10-25_23-28-08
2025-10-25_23-29-01,None,draft.py:2025-10-25_23-29-01
2025-10-25_23-29-24,None,draft.py:2025-10-25_23-29-24
2025-10-25_23-30-00,None,draft.py:2025-10-25_23-30-00
2025-10-25_23-32-39,None,draft.py:2025-10-25_23-32-39
2025-10-25_23-34-39,None,draft.py:2025-10-25_23-34-39
2025-10-25_23-35-11,None,draft.py:2025-10-25_23-35-11
2025-10-25_23-43-53,None,draft.py:2025-10-25_23-43-53
2025-10-25_23-44-52,None,draft.py:2025-10-25_23-44-52
2025-10-25_23-45-34,None,draft.py:2025-10-25_23-45-34
2025-10-25_23-46-27,None,draft.py:2025-10-25_23-45-34
2025-10-25_23-48-18,None,draft.py:2025-10-25_23-48-18
2025-10-25_23-49-14,None,draft.py:2025-10-25_23-49-14
2025-10-25_23-49-34,None,draft.py:2025-10-25_23-49-34
2025-10-25_23-50-54,None,draft.py:2025-10-25_23-50-54
2025-10-25_23-51-31,None,draft.py:2025-10-25_23-51-31
2025-10-25_23-59-14,None,draft.py:2025-10-25_23-59-14
2025-10-25_23-59-33,None,draft.py:2025-10-25_23-59-33
2025-10-26_00-00-07,None,draft.py:2025-10-25_23-59-33
2025-10-26_00-00-47,None,draft.py:2025-10-26_00-00-47
2025-10-26_00-01-45,None,draft.py:2025-10-26_00-01-45
2025-10-26_00-02-24,None,draft.py:2025-10-26_00-02-24
2025-10-26_00-02-58,None,draft.py:2025-10-26_00-02-58
2025-10-26_00-05-16,None,draft.py:2025-10-26_00-05-16
2025-10-26_00-06-23,None,draft.py:2025-10-26_00-06-23
2025-10-26_00-07-15,None,draft.py:2025-10-26_00-07-15
2025-10-26_00-07-56,None,draft.py:2025-10-26_00-07-56
2025-10-26_00-08-18,None,draft.py:2025-10-26_00-08-18
2025-10-26_00-11-04,None,draft.py:2025-10-26_00-11-04
2025-10-26_00-11-49,None,draft.py:2025-10-26_00-11-49
2025-10-26_00-12-50,None,draft.py:2025-10-26_00-12-50
2025-10-26_00-14-11,None,draft.py:2025-10-26_00-14-11
2025-10-26_00-14-37,None,draft.py:2025-10-26_00-14-37
2025-10-26_00-15-45,None,draft.py:2025-10-26_00-15-45
2025-10-26_00-16-15,None,draft.py:2025-10-26_00-16-15
2025-10-26_00-18-23,None,draft.py:2025-10-26_00-18-23
2025-10-26_00-18-36,None,draft.py:2025-10-26_00-18-36
2025-10-26_11-33-30,None,draft.py:2025-10-26_00-18-36
2025-10-26_19-36-12,None,draft.py:2025-10-26_19-36-12
2025-10-26_19-38-50,None,draft.py:2025-10-26_19-38-50
2025-10-26_19-39-12,None,draft.py:2025-10-26_19-39-12
2025-10-26_19-41-01,None,draft.py:2025-10-26_19-41-01
2025-10-26_19-49-56,None,draft.py:2025-10-26_19-49-56
2025-10-26_19-53-20,None,draft.py:2025-10-26_19-53-20
2025-10-26_19-59-20,None,draft.py:2025-10-26_19-59-20
2025-10-26_20-02-52,None,draft.py:2025-10-26_20-02-52
2025-10-26_20-04-29,None,draft.py:2025-10-26_20-04-29
2025-10-26_20-08-54,None,draft.py:2025-10-26_20-08-54
2025-10-26_20-09-30,None,draft.py:2025-10-26_20-09-30
2025-10-26_20-10-45,None,draft.py:2025-10-26_20-10-45
2025-10-26_20-14-32,None,draft.py:2025-10-26_20-14-32
2025-10-26_20-18-23,None,draft.py:2025-10-26_20-18-23
2025-10-26_20-20-16,None,draft.py:2025-10-26_20-18-23
2025-10-26_20-20-53,None,draft.py:2025-10-26_20-20-53
2025-10-26_20-21-29,None,draft.py:2025-10-26_20-21-29
2025-10-26_20-28-29,None,draft.py:2025-10-26_20-28-29
2025-10-27_19-43-34,None,draft.py:2025-10-26_20-28-29
